case:concept:name;concept:dataobj;concept:operation;time:timestamp;concept:resource;concept:instance;lifecycle:transition
case_0;Management;c;2025-08-04 23:43:43.409580778+00:00;re7;1;complete
case_0;Management;r;2025-08-04 22:25:10.162071806+00:00;re7;1;complete
case_0;Management;u;2025-08-04 23:19:33.198565317+00:00;re7;1;complete
case_0;Management;u;2025-08-04 22:32:59.888230227+00:00;re8;2;complete
case_0;Management;u;2025-08-05 00:11:05.438606054+00:00;re7;3;complete
case_0;Management;c;2025-08-05 01:12:10.491012847+00:00;re6;4;complete
case_0;Management;r;2025-08-05 01:45:35.690162856+00:00;re6;4;complete
case_0;Management;u;2025-08-05 01:37:34.467778122+00:00;re6;4;complete
case_0;Management;c;2025-08-05 02:18:07.943186409+00:00;re7;5;complete
case_0;Management;r;2025-08-05 03:17:27.814242294+00:00;re7;5;complete
case_0;Management;u;2025-08-05 02:10:50.113270687+00:00;re7;5;complete
case_0;Management;c;2025-08-05 03:59:02.949434273+00:00;re7;6;complete
case_0;Management;r;2025-08-05 03:21:47.514006419+00:00;re7;6;complete
case_0;Management;u;2025-08-05 03:10:59.858847690+00:00;re7;6;complete
case_0;Management;u;2025-08-05 03:07:26.243148504+00:00;re6;7;complete
case_0;Code;r;2025-08-05 04:18:20.939462101+00:00;re6;7;complete
case_0;Requirements;r;2025-08-05 03:39:41.732584575+00:00;re6;7;complete
case_0;Requirements;u;2025-08-05 04:56:09.734962398+00:00;re6;7;complete
case_0;Requirements;d;2025-08-05 04:42:23.095077175+00:00;re6;7;complete
case_0;Management;r;2025-08-05 04:41:07.049320222+00:00;re8;8;complete
case_0;Management;u;2025-08-05 04:40:48.409907979+00:00;re8;8;complete
case_0;Management;d;2025-08-05 06:11:14.287847161+00:00;re8;8;complete
case_0;Code;r;2025-08-05 04:19:08.214863118+00:00;re8;8;complete
case_0;Requirements;r;2025-08-05 05:34:37.677903262+00:00;re8;8;complete
case_0;Requirements;u;2025-08-05 04:37:44.282048427+00:00;re8;8;complete
case_0;Management;u;2025-08-05 06:05:58.062106144+00:00;re8;9;complete
case_0;Management;d;2025-08-05 05:57:27.116164377+00:00;re8;9;complete
case_0;Requirements;u;2025-08-05 06:26:22.167534884+00:00;re8;9;complete
case_0;Management;c;2025-08-05 07:50:40.653738045+00:00;re9;10;complete
case_0;Management;u;2025-08-05 07:24:32.609803649+00:00;re9;10;complete
case_0;Management;d;2025-08-05 07:53:37.351003532+00:00;re9;10;complete
case_0;Code;r;2025-08-05 07:55:15.713247097+00:00;re9;10;complete
case_0;Requirements;r;2025-08-05 06:47:26.558687667+00:00;re9;10;complete
case_0;Requirements;u;2025-08-05 06:26:29.760911879+00:00;re9;10;complete
case_0;Requirements;d;2025-08-05 07:17:48.410000893+00:00;re9;10;complete
case_0;Management;c;2025-08-05 08:59:10.907355066+00:00;re9;11;complete
case_0;Management;r;2025-08-05 08:04:14.746589516+00:00;re9;11;complete
case_0;Management;u;2025-08-05 08:07:00.214754543+00:00;re9;11;complete
case_0;Management;d;2025-08-05 08:54:24.003565504+00:00;re9;11;complete
case_0;Code;r;2025-08-05 08:33:12.185476351+00:00;re9;11;complete
case_0;Requirements;u;2025-08-05 08:11:36.353979271+00:00;re9;11;complete
case_0;Requirements;d;2025-08-05 09:04:17.098986191+00:00;re9;11;complete
case_0;Management;c;2025-08-05 10:13:06.041633600+00:00;re7;12;complete
case_0;Management;r;2025-08-05 10:14:05.124851717+00:00;re7;12;complete
case_0;Management;u;2025-08-05 09:02:20.010241392+00:00;re7;12;complete
case_0;Management;d;2025-08-05 09:51:18.294472262+00:00;re7;12;complete
case_0;Code;r;2025-08-05 08:21:36.862066091+00:00;re7;12;complete
case_0;Requirements;u;2025-08-05 08:33:56.167629717+00:00;re7;12;complete
case_0;Requirements;d;2025-08-05 10:01:00.991554083+00:00;re7;12;complete
case_0;Management;c;2025-08-05 11:24:54.745055997+00:00;re6;13;complete
case_0;Management;u;2025-08-05 10:20:23.886275664+00:00;re6;13;complete
case_0;Management;d;2025-08-05 11:06:00.682826491+00:00;re6;13;complete
case_0;Code;r;2025-08-05 11:33:03.786115445+00:00;re6;13;complete
case_0;Requirements;r;2025-08-05 11:06:06.280302549+00:00;re6;13;complete
case_0;Requirements;u;2025-08-05 10:48:12.117904977+00:00;re6;13;complete
case_0;Management;r;2025-08-05 12:26:09.878124859+00:00;re9;14;complete
case_0;Management;u;2025-08-05 11:18:45.523018323+00:00;re9;14;complete
case_0;Management;d;2025-08-05 10:49:04.480286722+00:00;re9;14;complete
case_0;Requirements;u;2025-08-05 12:12:17.834377500+00:00;re9;14;complete
case_0;Requirements;d;2025-08-05 11:10:56.789869711+00:00;re9;14;complete
case_0;Management;c;2025-08-05 13:22:28.938119738+00:00;re9;15;complete
case_0;Management;r;2025-08-05 11:52:46.068975400+00:00;re9;15;complete
case_0;Management;u;2025-08-05 11:57:07.384888567+00:00;re9;15;complete
case_0;Code;u;2025-08-05 13:12:21.424549199+00:00;re9;15;complete
case_0;Management;r;2025-08-05 12:58:01.845872162+00:00;re6;16;complete
case_0;Management;u;2025-08-05 12:19:46.472006382+00:00;re6;16;complete
case_0;Code;u;2025-08-05 12:38:05.559907500+00:00;re6;16;complete
case_0;Code;d;2025-08-05 14:05:30.136105603+00:00;re6;16;complete
case_0;Management;u;2025-08-05 15:02:58.927313461+00:00;re6;17;complete
case_0;Code;r;2025-08-05 14:31:59.282966126+00:00;re6;17;complete
case_0;Code;u;2025-08-05 14:33:02.342381226+00:00;re6;17;complete
case_0;Requirements;r;2025-08-05 13:25:34.915029582+00:00;re6;17;complete
case_0;Management;c;2025-08-05 15:43:24.006178052+00:00;re6;18;complete
case_0;Management;u;2025-08-05 15:26:45.213589206+00:00;re6;18;complete
case_0;Management;d;2025-08-05 15:24:21.318800089+00:00;re6;18;complete
case_0;Code;u;2025-08-05 14:58:59.958759687+00:00;re6;18;complete
case_0;Management;u;2025-08-05 16:24:11.101977728+00:00;re7;19;complete
case_0;Management;d;2025-08-05 17:36:45.955500891+00:00;re7;19;complete
case_0;Code;u;2025-08-05 16:33:16.793244223+00:00;re7;19;complete
case_0;Code;d;2025-08-05 16:34:12.803331184+00:00;re7;19;complete
case_0;Requirements;r;2025-08-05 17:26:36.490431817+00:00;re7;19;complete
case_0;Management;u;2025-08-05 17:52:48.682153743+00:00;re6;20;complete
case_0;Management;d;2025-08-05 17:48:22.470589916+00:00;re6;20;complete
case_0;Code;r;2025-08-05 18:04:34.923368627+00:00;re6;20;complete
case_0;Code;u;2025-08-05 17:46:24.486206175+00:00;re6;20;complete
case_0;Code;d;2025-08-05 17:47:38.874740062+00:00;re6;20;complete
case_0;Management;c;2025-08-05 18:01:33.051837915+00:00;re6;21;complete
case_0;Management;r;2025-08-05 18:51:21.254480405+00:00;re6;21;complete
case_0;Management;u;2025-08-05 18:28:16.438253114+00:00;re6;21;complete
case_0;Management;d;2025-08-05 18:02:03.295407263+00:00;re6;21;complete
case_0;Code;u;2025-08-05 19:33:13.444155414+00:00;re6;21;complete
case_0;Code;d;2025-08-05 17:34:50.071254700+00:00;re6;21;complete
case_0;Management;r;2025-08-05 19:35:01.093332209+00:00;re7;22;complete
case_0;Management;u;2025-08-05 20:12:01.812654010+00:00;re7;22;complete
case_0;Management;d;2025-08-05 20:18:19.036080729+00:00;re7;22;complete
case_0;Code;u;2025-08-05 20:28:36.049970634+00:00;re7;22;complete
case_0;Code;d;2025-08-05 20:11:06.384788972+00:00;re7;22;complete
case_0;Requirements;r;2025-08-05 20:16:40.558616176+00:00;re7;22;complete
case_0;Management;c;2025-08-05 19:17:48.031087449+00:00;re8;23;complete
case_0;Management;r;2025-08-05 19:43:15.848640426+00:00;re8;23;complete
case_0;Management;u;2025-08-05 20:40:26.715010913+00:00;re8;23;complete
case_0;Code;r;2025-08-05 20:39:27.387356287+00:00;re8;23;complete
case_0;Code;u;2025-08-05 20:51:42.559092633+00:00;re8;23;complete
case_0;Code;d;2025-08-05 21:05:37.518698584+00:00;re8;23;complete
case_0;Requirements;r;2025-08-05 21:07:05.018359140+00:00;re8;23;complete
case_0;Management;r;2025-08-05 22:05:09.191811315+00:00;re7;24;complete
case_0;Management;u;2025-08-05 22:12:55.930161001+00:00;re7;24;complete
case_0;Management;d;2025-08-05 21:57:50.135893396+00:00;re7;24;complete
case_0;Code;u;2025-08-05 20:46:34.658220559+00:00;re7;24;complete
case_0;Requirements;r;2025-08-05 21:06:16.695955404+00:00;re7;24;complete
case_1;Management;u;2025-08-04 22:22:19.625062996+00:00;re13;1;complete
case_1;Management;d;2025-08-04 23:07:47.976145890+00:00;re13;1;complete
case_1;Management;c;2025-08-05 00:05:09.926318418+00:00;re12;2;complete
case_1;Management;u;2025-08-05 00:03:35.223881310+00:00;re12;2;complete
case_1;Management;d;2025-08-04 22:35:21.646684531+00:00;re12;2;complete
case_1;Management;u;2025-08-05 00:23:04.546002081+00:00;re13;3;complete
case_1;Management;c;2025-08-05 02:33:55.448694244+00:00;re13;4;complete
case_1;Management;r;2025-08-05 02:38:54.552584538+00:00;re13;4;complete
case_1;Management;u;2025-08-05 01:19:55.114524225+00:00;re13;4;complete
case_1;Management;c;2025-08-05 01:30:09.588338770+00:00;re13;5;complete
case_1;Management;u;2025-08-05 02:08:24.876389531+00:00;re13;5;complete
case_1;Management;d;2025-08-05 01:37:41.094122612+00:00;re13;5;complete
case_1;Management;c;2025-08-05 02:59:19.451645111+00:00;re13;6;complete
case_1;Management;r;2025-08-05 02:26:40.572322131+00:00;re13;6;complete
case_1;Management;u;2025-08-05 02:36:38.480833053+00:00;re13;6;complete
case_1;Management;c;2025-08-05 05:04:45.417885692+00:00;re12;7;complete
case_1;Management;r;2025-08-05 05:11:47.177734686+00:00;re12;7;complete
case_1;Management;u;2025-08-05 03:44:58.329914865+00:00;re12;7;complete
case_1;Management;c;2025-08-05 04:27:23.413744701+00:00;re13;8;complete
case_1;Management;u;2025-08-05 04:48:03.459494059+00:00;re13;8;complete
case_1;Management;r;2025-08-05 07:03:21.598180004+00:00;re13;9;complete
case_1;Management;u;2025-08-05 07:06:32.497273028+00:00;re13;9;complete
case_1;Management;d;2025-08-05 06:44:42.103532918+00:00;re13;9;complete
case_1;Management;c;2025-08-05 07:00:27.635555773+00:00;re13;10;complete
case_1;Management;r;2025-08-05 07:30:59.461025352+00:00;re13;10;complete
case_1;Management;u;2025-08-05 08:07:11.760689015+00:00;re13;10;complete
case_1;Management;r;2025-08-05 08:25:14.315531687+00:00;re12;11;complete
case_1;Management;u;2025-08-05 08:51:00.843472819+00:00;re12;11;complete
case_1;Management;d;2025-08-05 09:29:17.419423150+00:00;re12;11;complete
case_1;Management;c;2025-08-05 09:08:47.627870039+00:00;re12;12;complete
case_1;Management;u;2025-08-05 09:14:02.256360273+00:00;re12;12;complete
case_1;Management;r;2025-08-05 10:31:51.083789804+00:00;re13;13;complete
case_1;Management;u;2025-08-05 09:13:04.171026449+00:00;re13;13;complete
case_1;Management;c;2025-08-05 11:17:35.455076723+00:00;re13;14;complete
case_1;Management;u;2025-08-05 11:55:05.704489346+00:00;re13;14;complete
case_1;Requirements;u;2025-08-05 12:03:10.409041731+00:00;re13;14;complete
case_1;Management;c;2025-08-05 13:03:06.930458725+00:00;re12;15;complete
case_1;Management;u;2025-08-05 13:21:04.292712111+00:00;re12;15;complete
case_1;Code;u;2025-08-05 13:45:59.223139619+00:00;re12;15;complete
case_1;Requirements;r;2025-08-05 11:56:31.369644199+00:00;re12;15;complete
case_1;Management;u;2025-08-05 13:31:56.761952226+00:00;re13;16;complete
case_1;Code;r;2025-08-05 13:46:38.427883471+00:00;re13;16;complete
case_1;Code;u;2025-08-05 14:18:48.410480514+00:00;re13;16;complete
case_1;Requirements;r;2025-08-05 14:31:41.376751694+00:00;re13;16;complete
case_1;Management;u;2025-08-05 13:26:29.482930687+00:00;re12;17;complete
case_1;Code;u;2025-08-05 13:55:38.325756820+00:00;re12;17;complete
case_1;Requirements;r;2025-08-05 15:07:40.414964766+00:00;re12;17;complete
case_1;Management;c;2025-08-05 15:21:09.643567154+00:00;re13;18;complete
case_1;Management;u;2025-08-05 14:50:45.797901741+00:00;re13;18;complete
case_1;Management;d;2025-08-05 15:46:54.673473096+00:00;re13;18;complete
case_1;Code;r;2025-08-05 14:26:30.355208304+00:00;re13;18;complete
case_1;Code;u;2025-08-05 14:13:56.912850643+00:00;re13;18;complete
case_1;Code;d;2025-08-05 14:51:59.084460372+00:00;re13;18;complete
case_1;Requirements;r;2025-08-05 15:38:37.838384382+00:00;re13;18;complete
case_1;Management;c;2025-08-05 17:11:52.138687238+00:00;re12;19;complete
case_1;Management;u;2025-08-05 17:50:53.676410158+00:00;re12;19;complete
case_1;Code;u;2025-08-05 16:52:49.885475715+00:00;re12;19;complete
case_1;Code;d;2025-08-05 16:05:26.529835203+00:00;re12;19;complete
case_1;Management;c;2025-08-05 16:33:23.847691591+00:00;re13;20;complete
case_1;Management;r;2025-08-05 16:26:37.831625398+00:00;re13;20;complete
case_1;Management;u;2025-08-05 16:26:01.837394880+00:00;re13;20;complete
case_1;Code;u;2025-08-05 16:18:42.440959187+00:00;re13;20;complete
case_1;Requirements;r;2025-08-05 17:42:11.609534164+00:00;re13;20;complete
case_1;Management;c;2025-08-05 19:39:11.486411292+00:00;re13;21;complete
case_1;Management;u;2025-08-05 18:50:20.523083835+00:00;re13;21;complete
case_1;Code;r;2025-08-05 18:25:23.588706339+00:00;re13;21;complete
case_1;Code;u;2025-08-05 19:40:11.658081923+00:00;re13;21;complete
case_1;Requirements;r;2025-08-05 18:23:36.160560987+00:00;re13;21;complete
case_1;Management;c;2025-08-05 18:58:28.761513094+00:00;re13;22;complete
case_1;Management;r;2025-08-05 19:20:35.492672850+00:00;re13;22;complete
case_1;Management;u;2025-08-05 19:17:28.646673051+00:00;re13;22;complete
case_1;Code;r;2025-08-05 19:09:10.402448105+00:00;re13;22;complete
case_1;Code;u;2025-08-05 18:41:42.894212881+00:00;re13;22;complete
case_1;Requirements;r;2025-08-05 19:58:17.012812533+00:00;re13;22;complete
case_1;Management;c;2025-08-05 21:20:07.487204102+00:00;re13;23;complete
case_1;Management;u;2025-08-05 19:44:59.878742396+00:00;re13;23;complete
case_1;Code;u;2025-08-05 19:38:39.436814222+00:00;re13;23;complete
case_1;Code;d;2025-08-05 21:06:46.795035419+00:00;re13;23;complete
case_1;Requirements;r;2025-08-05 20:18:44.425997347+00:00;re13;23;complete
case_2;Management;c;2025-08-04 21:52:21.978559867+00:00;re6;1;complete
case_2;Management;u;2025-08-04 22:58:24.925761166+00:00;re6;1;complete
case_2;Management;r;2025-08-04 23:56:29.214503491+00:00;re5;2;complete
case_2;Management;u;2025-08-04 23:03:22.703220767+00:00;re5;2;complete
case_2;Management;d;2025-08-04 23:27:01.056630414+00:00;re5;2;complete
case_2;Management;c;2025-08-05 00:17:20.125223683+00:00;re6;3;complete
case_2;Management;r;2025-08-05 00:16:09.122005268+00:00;re6;3;complete
case_2;Management;u;2025-08-05 00:32:58.988992531+00:00;re6;3;complete
case_2;Management;c;2025-08-05 01:22:46.732624131+00:00;re9;4;complete
case_2;Management;u;2025-08-05 01:16:37.062328584+00:00;re9;4;complete
case_2;Management;d;2025-08-05 02:33:38.419873856+00:00;re9;4;complete
case_2;Management;c;2025-08-05 03:20:37.999727675+00:00;re7;5;complete
case_2;Management;r;2025-08-05 02:12:37.244102139+00:00;re7;5;complete
case_2;Management;u;2025-08-05 03:14:55.807206393+00:00;re7;5;complete
case_2;Management;d;2025-08-05 03:39:47.319392385+00:00;re7;5;complete
case_2;Management;c;2025-08-05 04:33:03.101832156+00:00;re6;6;complete
case_2;Management;u;2025-08-05 04:51:25.739464020+00:00;re6;6;complete
case_2;Requirements;u;2025-08-05 04:29:14.850811344+00:00;re6;6;complete
case_2;Requirements;d;2025-08-05 03:54:52.766056251+00:00;re6;6;complete
case_2;Management;r;2025-08-05 04:05:06.019687558+00:00;re8;7;complete
case_2;Management;u;2025-08-05 03:56:59.675394097+00:00;re8;7;complete
case_2;Requirements;u;2025-08-05 04:24:58.967568456+00:00;re8;7;complete
case_2;Requirements;d;2025-08-05 04:46:44.380502110+00:00;re8;7;complete
case_2;Management;r;2025-08-05 05:58:10.113044697+00:00;re9;8;complete
case_2;Management;u;2025-08-05 05:23:16.492447903+00:00;re9;8;complete
case_2;Management;d;2025-08-05 05:23:01.263271662+00:00;re9;8;complete
case_2;Code;r;2025-08-05 04:53:10.634049682+00:00;re9;8;complete
case_2;Requirements;u;2025-08-05 05:51:40.622173559+00:00;re9;8;complete
case_2;Management;c;2025-08-05 07:30:12.428133202+00:00;re5;9;complete
case_2;Management;u;2025-08-05 06:00:49.221602186+00:00;re5;9;complete
case_2;Management;d;2025-08-05 06:34:08.379536001+00:00;re5;9;complete
case_2;Requirements;r;2025-08-05 07:39:12.068578888+00:00;re5;9;complete
case_2;Requirements;u;2025-08-05 07:40:24.120181644+00:00;re5;9;complete
case_2;Management;c;2025-08-05 07:02:08.802682127+00:00;re7;10;complete
case_2;Management;r;2025-08-05 07:11:03.784476517+00:00;re7;10;complete
case_2;Management;u;2025-08-05 06:36:33.662617347+00:00;re7;10;complete
case_2;Requirements;r;2025-08-05 07:25:53.181613171+00:00;re7;10;complete
case_2;Requirements;u;2025-08-05 07:12:43.813619151+00:00;re7;10;complete
case_2;Management;c;2025-08-05 08:40:45.417478300+00:00;re7;11;complete
case_2;Management;u;2025-08-05 08:24:56.130373711+00:00;re7;11;complete
case_2;Management;d;2025-08-05 08:35:27.441670881+00:00;re7;11;complete
case_2;Requirements;r;2025-08-05 08:21:03.308421337+00:00;re7;11;complete
case_2;Requirements;u;2025-08-05 07:35:54.243788001+00:00;re7;11;complete
case_2;Management;c;2025-08-05 09:34:05.275743033+00:00;re5;12;complete
case_2;Management;u;2025-08-05 09:48:53.513859550+00:00;re5;12;complete
case_2;Management;d;2025-08-05 08:56:40.297232548+00:00;re5;12;complete
case_2;Code;r;2025-08-05 10:45:14.275852469+00:00;re5;12;complete
case_2;Requirements;r;2025-08-05 10:03:08.142550258+00:00;re5;12;complete
case_2;Requirements;u;2025-08-05 10:10:21.513563739+00:00;re5;12;complete
case_2;Management;c;2025-08-05 10:55:19.267321805+00:00;re5;13;complete
case_2;Management;u;2025-08-05 09:25:37.376535267+00:00;re5;13;complete
case_2;Requirements;r;2025-08-05 11:11:06.105614224+00:00;re5;13;complete
case_2;Requirements;u;2025-08-05 10:31:36.836703094+00:00;re5;13;complete
case_2;Management;u;2025-08-05 11:44:03.706214130+00:00;re8;14;complete
case_2;Code;r;2025-08-05 12:05:45.996901417+00:00;re8;14;complete
case_2;Code;u;2025-08-05 12:18:10.888391642+00:00;re8;14;complete
case_2;Management;c;2025-08-05 12:56:13.286153913+00:00;re5;15;complete
case_2;Management;u;2025-08-05 12:12:52.361755080+00:00;re5;15;complete
case_2;Management;d;2025-08-05 12:38:49.050402197+00:00;re5;15;complete
case_2;Code;u;2025-08-05 12:45:21.636502107+00:00;re5;15;complete
case_2;Code;d;2025-08-05 12:06:09.260437282+00:00;re5;15;complete
case_2;Management;u;2025-08-05 13:45:20.962233374+00:00;re5;16;complete
case_2;Management;d;2025-08-05 13:28:02.369065022+00:00;re5;16;complete
case_2;Code;u;2025-08-05 12:49:27.473690936+00:00;re5;16;complete
case_2;Code;d;2025-08-05 12:57:05.042239955+00:00;re5;16;complete
case_2;Management;c;2025-08-05 15:33:08.588400558+00:00;re5;17;complete
case_2;Management;r;2025-08-05 15:41:53.634609658+00:00;re5;17;complete
case_2;Management;u;2025-08-05 15:46:53.890577062+00:00;re5;17;complete
case_2;Code;u;2025-08-05 14:02:19.997627482+00:00;re5;17;complete
case_2;Management;r;2025-08-05 15:29:31.645375938+00:00;re9;18;complete
case_2;Management;u;2025-08-05 16:03:56.067525257+00:00;re9;18;complete
case_2;Management;d;2025-08-05 15:17:34.238375923+00:00;re9;18;complete
case_2;Code;r;2025-08-05 15:21:17.566359958+00:00;re9;18;complete
case_2;Code;u;2025-08-05 16:09:43.940327706+00:00;re9;18;complete
case_2;Management;c;2025-08-05 17:05:11.107590752+00:00;re9;19;complete
case_2;Management;u;2025-08-05 15:31:05.657155449+00:00;re9;19;complete
case_2;Code;r;2025-08-05 16:37:30.335906465+00:00;re9;19;complete
case_2;Code;u;2025-08-05 15:47:45.931455360+00:00;re9;19;complete
case_2;Code;d;2025-08-05 16:37:45.922943298+00:00;re9;19;complete
case_2;Management;c;2025-08-05 16:48:34.326714543+00:00;re6;20;complete
case_2;Management;u;2025-08-05 17:08:21.773575272+00:00;re6;20;complete
case_2;Management;d;2025-08-05 18:31:51.921925488+00:00;re6;20;complete
case_2;Code;u;2025-08-05 18:00:04.067709901+00:00;re6;20;complete
case_2;Requirements;r;2025-08-05 18:08:30.829057760+00:00;re6;20;complete
case_2;Management;u;2025-08-05 18:40:47.114345137+00:00;re7;21;complete
case_2;Management;d;2025-08-05 18:08:26.790860597+00:00;re7;21;complete
case_2;Code;r;2025-08-05 17:35:24.016190891+00:00;re7;21;complete
case_2;Code;u;2025-08-05 19:11:18.737924505+00:00;re7;21;complete
case_2;Code;d;2025-08-05 18:05:44.545364921+00:00;re7;21;complete
case_2;Management;c;2025-08-05 19:40:21.462956384+00:00;re8;22;complete
case_2;Management;u;2025-08-05 19:52:22.359880542+00:00;re8;22;complete
case_2;Code;r;2025-08-05 19:49:58.063220735+00:00;re8;22;complete
case_2;Code;u;2025-08-05 19:58:29.935084786+00:00;re8;22;complete
case_2;Code;d;2025-08-05 19:28:02.675270760+00:00;re8;22;complete
